id,state,treated,post,fte,chain_BK,chain_KFC,chain_WD,co_owned,southj,centralj,northj,pa1,pa2,shore,did
46,PA,0,0,40.5,1,0,0,0,0,0,0,1,0,0,0
46,PA,0,1,24.0,1,0,0,0,0,0,0,1,0,0,0
49,PA,0,0,13.75,0,1,0,0,0,0,0,1,0,0,0
49,PA,0,1,11.5,0,1,0,0,0,0,0,1,0,0,0
506,PA,0,0,8.5,0,1,0,1,0,0,0,1,0,0,0
506,PA,0,1,10.5,0,1,0,1,0,0,0,1,0,0,0
56,PA,0,0,34.0,0,0,1,1,0,0,0,1,0,0,0
56,PA,0,1,20.0,0,0,1,1,0,0,0,1,0,0,0
61,PA,0,0,24.0,0,0,1,1,0,0,0,1,0,0,0
61,PA,0,1,35.5,0,0,1,1,0,0,0,1,0,0,0
62,PA,0,0,20.5,0,0,1,1,0,0,0,1,0,0,0
445,PA,0,0,70.5,1,0,0,0,0,0,0,0,1,0,0
445,PA,0,1,29.0,1,0,0,0,0,0,0,0,1,0,0
451,PA,0,0,23.5,1,0,0,0,0,0,0,0,1,0,0
451,PA,0,1,36.5,1,0,0,0,0,0,0,0,1,0,0
455,PA,0,0,11.0,0,1,0,1,0,0,0,0,1,0,0
455,PA,0,1,11.0,0,1,0,1,0,0,0,0,1,0,0
458,PA,0,0,9.0,0,1,0,1,0,0,0,1,0,0,0
458,PA,0,1,8.5,0,1,0,1,0,0,0,1,0,0,0
462,PA,0,0,15.5,0,0,0,1,0,0,0,0,1,0,0
462,PA,0,1,17.5,0,0,0,1,0,0,0,0,1,0,0
468,PA,0,0,58.0,1,0,0,0,0,0,0,0,1,0,0
468,PA,0,1,29.0,1,0,0,0,0,0,0,0,1,0,0
469,PA,0,0,26.5,1,0,0,0,0,0,0,0,1,0,0
469,PA,0,1,30.5,1,0,0,0,0,0,0,0,1,0,0
470,PA,0,0,28.5,1,0,0,0,0,0,0,0,1,0,0
470,PA,0,1,26.0,1,0,0,0,0,0,0,0,1,0,0
474,PA,0,0,13.5,1,0,0,0,0,0,0,0,1,0,0
474,PA,0,1,18.0,1,0,0,0,0,0,0,0,1,0,0
481,PA,0,0,16.75,0,1,0,1,0,0,0,0,1,0,0
481,PA,0,1,20.0,0,1,0,1,0,0,0,0,1,0,0
483,PA,0,0,9.5,0,1,0,1,0,0,0,0,1,0,0
483,PA,0,1,13.5,0,1,0,1,0,0,0,0,1,0,0
487,PA,0,0,15.0,0,0,0,1,0,0,0,0,1,0,0
487,PA,0,1,19.0,0,0,0,1,0,0,0,0,1,0,0
488,PA,0,0,29.5,0,0,0,0,0,0,0,0,1,0,0
488,PA,0,1,15.5,0,0,0,0,0,0,0,0,1,0,0
489,PA,0,0,18.5,0,0,0,0,0,0,0,0,1,0,0
489,PA,0,1,14.5,0,0,0,0,0,0,0,0,1,0,0
490,PA,0,0,20.25,0,0,0,1,0,0,0,0,1,0,0
490,PA,0,1,14.0,0,0,0,1,0,0,0,0,1,0,0
493,PA,0,0,36.0,0,0,0,1,0,0,0,1,0,0,0
493,PA,0,1,19.0,0,0,0,1,0,0,0,1,0,0,0
495,PA,0,0,21.0,0,0,0,0,0,0,0,0,1,0,0
495,PA,0,1,21.0,0,0,0,0,0,0,0,0,1,0,0
496,PA,0,0,20.5,0,0,0,1,0,0,0,0,1,0,0
496,PA,0,1,18.0,0,0,0,1,0,0,0,0,1,0,0
499,PA,0,0,19.0,0,0,1,1,0,0,0,0,1,0,0
499,PA,0,1,20.5,0,0,1,1,0,0,0,0,1,0,0
509,PA,0,0,14.0,0,0,0,1,0,0,0,0,1,0,0
509,PA,0,1,13.5,0,0,0,1,0,0,0,0,1,0,0
515,PA,0,0,19.0,0,0,0,1,0,0,0,0,1,0,0
515,PA,0,1,17.5,0,0,0,1,0,0,0,0,1,0,0
37,PA,0,0,32.5,1,0,0,0,0,0,0,1,0,0,0
37,PA,0,1,25.5,1,0,0,0,0,0,0,1,0,0,0
39,PA,0,0,19.0,1,0,0,0,0,0,0,1,0,0,0
39,PA,0,1,15.5,1,0,0,0,0,0,0,1,0,0,0
40,PA,0,0,27.0,1,0,0,0,0,0,0,1,0,0,0
40,PA,0,1,25.5,1,0,0,0,0,0,0,1,0,0,0
41,PA,0,0,19.5,1,0,0,0,0,0,0,1,0,0,0
41,PA,0,1,27.0,1,0,0,0,0,0,0,1,0,0,0
42,PA,0,0,24.0,1,0,0,0,0,0,0,1,0,0,0
42,PA,0,1,16.0,1,0,0,0,0,0,0,1,0,0,0
45,PA,0,0,18.0,1,0,0,0,0,0,0,1,0,0,0
45,PA,0,1,19.0,1,0,0,0,0,0,0,1,0,0,0
47,PA,0,0,32.5,1,0,0,0,0,0,0,1,0,0,0
47,PA,0,1,24.5,1,0,0,0,0,0,0,1,0,0,0
48,PA,0,0,19.0,1,0,0,0,0,0,0,1,0,0,0
48,PA,0,1,25.0,1,0,0,0,0,0,0,1,0,0,0
50,PA,0,0,14.0,0,1,0,0,0,0,0,1,0,0,0
50,PA,0,1,17.0,0,1,0,0,0,0,0,1,0,0,0
51,PA,0,0,10.5,0,1,0,0,0,0,0,1,0,0,0
51,PA,0,1,16.5,0,1,0,0,0,0,0,1,0,0,0
57,PA,0,0,38.0,0,0,1,1,0,0,0,1,0,0,0
57,PA,0,1,20.0,0,0,1,1,0,0,0,1,0,0,0
58,PA,0,0,23.5,0,0,1,1,0,0,0,1,0,0,0
58,PA,0,1,18.0,0,0,1,1,0,0,0,1,0,0,0
59,PA,0,0,10.5,0,0,1,0,0,0,0,1,0,0,0
59,PA,0,1,12.0,0,0,1,0,0,0,0,1,0,0,0
60,PA,0,0,25.0,0,0,1,0,0,0,0,1,0,0,0
60,PA,0,1,25.0,0,0,1,0,0,0,0,1,0,0,0
407,PA,0,0,11.0,0,1,0,1,0,0,0,0,1,0,0
407,PA,0,1,11.0,0,1,0,1,0,0,0,0,1,0,0
430,PA,0,0,36.5,1,0,0,0,0,0,0,1,0,0,0
430,PA,0,1,27.0,1,0,0,0,0,0,0,1,0,0,0
432,PA,0,0,52.5,1,0,0,0,0,0,0,1,0,0,0
432,PA,0,1,34.0,1,0,0,0,0,0,0,1,0,0,0
433,PA,0,0,29.0,1,0,0,0,0,0,0,1,0,0,0
433,PA,0,1,25.0,1,0,0,0,0,0,0,1,0,0,0
434,PA,0,0,45.0,1,0,0,0,0,0,0,1,0,0,0
434,PA,0,1,37.5,1,0,0,0,0,0,0,1,0,0,0
435,PA,0,0,22.75,1,0,0,0,0,0,0,1,0,0,0
435,PA,0,1,21.0,1,0,0,0,0,0,0,1,0,0,0
438,PA,0,0,7.5,0,1,0,0,0,0,0,1,0,0,0
438,PA,0,1,9.5,0,1,0,0,0,0,0,1,0,0,0
440,PA,0,0,15.5,0,0,1,0,0,0,0,1,0,0,0
440,PA,0,1,18.0,0,0,1,0,0,0,0,1,0,0,0
441,PA,0,0,38.0,0,0,1,0,0,0,0,1,0,0,0
441,PA,0,1,18.0,0,0,1,0,0,0,0,1,0,0,0
443,PA,0,0,17.5,0,0,1,0,0,0,0,1,0,0,0
443,PA,0,1,19.0,0,0,1,0,0,0,0,1,0,0,0
444,PA,0,0,25.0,0,0,1,0,0,0,0,1,0,0,0
444,PA,0,1,31.5,0,0,1,0,0,0,0,1,0,0,0
448,PA,0,0,21.0,1,0,0,0,0,0,0,0,1,0,0
448,PA,0,1,24.5,1,0,0,0,0,0,0,0,1,0,0
449,PA,0,0,15.5,1,0,0,0,0,0,0,0,1,0,0
449,PA,0,1,27.5,1,0,0,0,0,0,0,0,1,0,0
450,PA,0,0,15.5,1,0,0,0,0,0,0,0,1,0,0
450,PA,0,1,34.5,1,0,0,0,0,0,0,0,1,0,0
454,PA,0,0,8.5,0,1,0,1,0,0,0,0,1,0,0
454,PA,0,1,14.0,0,1,0,1,0,0,0,0,1,0,0
459,PA,0,0,18.0,0,0,0,1,0,0,0,0,1,0,0
459,PA,0,1,15.0,0,0,0,1,0,0,0,0,1,0,0
466,PA,0,0,20.75,0,0,1,0,0,0,0,0,1,0,0
466,PA,0,1,23.0,0,0,1,0,0,0,0,0,1,0,0
471,PA,0,0,39.0,1,0,0,0,0,0,0,0,1,0,0
471,PA,0,1,26.5,1,0,0,0,0,0,0,0,1,0,0
472,PA,0,0,41.5,1,0,0,0,0,0,0,0,1,0,0
472,PA,0,1,23.5,1,0,0,0,0,0,0,0,1,0,0
473,PA,0,0,22.5,1,0,0,0,0,0,0,0,1,0,0
473,PA,0,1,35.5,1,0,0,0,0,0,0,0,1,0,0
475,PA,0,0,32.0,1,0,0,0,0,0,0,0,1,0,0
475,PA,0,1,21.0,1,0,0,0,0,0,0,0,1,0,0
476,PA,0,0,24.0,1,0,0,0,0,0,0,1,0,0,0
476,PA,0,1,23.0,1,0,0,0,0,0,0,1,0,0,0
477,PA,0,0,26.0,1,0,0,0,0,0,0,0,1,0,0
477,PA,0,1,20.0,1,0,0,0,0,0,0,0,1,0,0
478,PA,0,0,48.5,1,0,0,0,0,0,0,1,0,0,0
478,PA,0,1,27.0,1,0,0,0,0,0,0,1,0,0,0
485,PA,0,0,8.5,0,1,0,1,0,0,0,0,1,0,0
485,PA,0,1,13.0,0,1,0,1,0,0,0,0,1,0,0
491,PA,0,0,18.5,0,0,0,0,0,0,0,0,1,0,0
492,PA,0,0,13.0,0,0,0,1,0,0,0,0,1,0,0
492,PA,0,1,13.5,0,0,0,1,0,0,0,0,1,0,0
497,PA,0,0,22.5,0,0,1,1,0,0,0,0,1,0,0
498,PA,0,0,28.0,0,0,1,1,0,0,0,0,1,0,0
498,PA,0,1,26.75,0,0,1,1,0,0,0,0,1,0,0
501,PA,0,0,24.5,1,0,0,0,0,0,0,0,1,0,0
501,PA,0,1,43.5,1,0,0,0,0,0,0,0,1,0,0
503,PA,0,0,18.5,1,0,0,0,0,0,0,0,1,0,0
503,PA,0,1,41.25,1,0,0,0,0,0,0,0,1,0,0
510,PA,0,0,23.5,0,0,0,1,0,0,0,0,1,0,0
510,PA,0,1,14.25,0,0,0,1,0,0,0,0,1,0,0
511,PA,0,0,15.0,0,0,0,1,0,0,0,0,1,0,0
511,PA,0,1,12.5,0,0,0,1,0,0,0,0,1,0,0
514,PA,0,0,18.0,0,0,0,0,0,0,0,0,1,0,0
514,PA,0,1,34.0,0,0,0,0,0,0,0,0,1,0,0
516,PA,0,0,20.25,0,0,0,1,0,0,0,0,1,0,0
516,PA,0,1,10.0,0,0,0,1,0,0,0,0,1,0,0
521,PA,0,0,15.5,1,0,0,0,0,0,0,1,0,0,0
521,PA,0,1,14.0,1,0,0,0,0,0,0,1,0,0,0
522,PA,0,0,21.0,1,0,0,0,0,0,0,1,0,0,0
522,PA,0,1,17.5,1,0,0,0,0,0,0,1,0,0,0
113,NJ,1,0,15.0,1,0,0,0,0,1,0,0,0,0,0
113,NJ,1,1,27.0,1,0,0,0,0,1,0,0,0,0,1
123,NJ,1,0,15.0,1,0,0,0,0,1,0,0,0,0,0
123,NJ,1,1,21.5,1,0,0,0,0,1,0,0,0,0,1
135,NJ,1,0,24.0,0,0,0,0,0,1,0,0,0,0,0
135,NJ,1,1,23.0,0,0,0,0,0,1,0,0,0,0,1
138,NJ,1,0,19.25,0,0,0,1,0,0,1,0,0,0,0
138,NJ,1,1,21.5,0,0,0,1,0,0,1,0,0,0,1
153,NJ,1,0,21.5,1,0,0,0,0,0,1,0,0,0,0
153,NJ,1,1,34.5,1,0,0,0,0,0,1,0,0,0,1
181,NJ,1,0,9.5,0,1,0,0,0,0,1,0,0,0,0
181,NJ,1,1,10.5,0,1,0,0,0,0,1,0,0,0,1
191,NJ,1,0,44.0,0,0,1,0,0,0,1,0,0,0,0
191,NJ,1,1,16.5,0,0,1,0,0,0,1,0,0,0,1
236,NJ,1,0,21.0,1,0,0,0,0,0,1,0,0,0,0
236,NJ,1,1,38.0,1,0,0,0,0,0,1,0,0,0,1
254,NJ,1,0,28.0,0,0,1,0,1,0,0,0,0,1,0
254,NJ,1,1,36.0,0,0,1,0,1,0,0,0,0,1,1
255,NJ,1,0,10.0,0,0,1,0,1,0,0,0,0,0,0
255,NJ,1,1,16.0,0,0,1,0,1,0,0,0,0,0,1
294,NJ,1,0,20.5,1,0,0,0,0,0,1,0,0,0,0
294,NJ,1,1,20.5,1,0,0,0,0,0,1,0,0,0,1
306,NJ,1,0,25.5,0,0,0,1,0,0,1,0,0,0,0
306,NJ,1,1,19.0,0,0,0,1,0,0,1,0,0,0,1
311,NJ,1,0,19.0,0,0,1,0,0,0,1,0,0,0,0
311,NJ,1,1,53.0,0,0,1,0,0,0,1,0,0,0,1
315,NJ,1,0,16.5,1,0,0,0,1,0,0,0,0,0,0
315,NJ,1,1,16.5,1,0,0,0,1,0,0,0,0,0,1
335,NJ,1,0,17.0,1,0,0,1,1,0,0,0,0,0,0
335,NJ,1,1,16.5,1,0,0,1,1,0,0,0,0,0,1
372,NJ,1,0,27.5,1,0,0,1,0,0,1,0,0,0,0
372,NJ,1,1,45.0,1,0,0,1,0,0,1,0,0,0,1
6,NJ,1,0,5.0,0,0,0,1,0,1,0,0,0,0,0
6,NJ,1,1,8.0,0,0,0,1,0,1,0,0,0,0,1
14,NJ,1,0,16.0,0,1,0,0,0,1,0,0,0,0,0
14,NJ,1,1,15.5,0,1,0,0,0,1,0,0,0,0,1
26,NJ,1,0,41.5,1,0,0,0,0,0,1,0,0,0,0
26,NJ,1,1,24.0,1,0,0,0,0,0,1,0,0,0,1
27,NJ,1,0,13.0,0,1,0,1,0,1,0,0,0,0,0
27,NJ,1,1,7.5,0,1,0,1,0,1,0,0,0,0,1
30,NJ,1,0,10.0,0,1,0,0,0,0,1,0,0,0,0
30,NJ,1,1,7.5,0,1,0,0,0,0,1,0,0,0,1
31,NJ,1,0,15.0,0,1,0,0,0,1,0,0,0,0,0
31,NJ,1,1,18.5,0,1,0,0,0,1,0,0,0,0,1
33,NJ,1,0,26.0,0,0,0,0,0,0,1,0,0,0,0
33,NJ,1,1,16.5,0,0,0,0,0,0,1,0,0,0,1
36,NJ,1,0,18.0,0,0,1,0,0,1,0,0,0,0,0
36,NJ,1,1,33.5,0,0,1,0,0,1,0,0,0,0,1
77,NJ,1,0,35.0,0,0,0,0,0,0,1,0,0,0,0
77,NJ,1,1,37.0,0,0,0,0,0,0,1,0,0,0,1
78,NJ,1,0,21.0,0,0,0,1,0,0,1,0,0,0,0
78,NJ,1,1,18.0,0,0,0,1,0,0,1,0,0,0,1
81,NJ,1,0,34.5,0,0,1,0,0,0,1,0,0,0,0
81,NJ,1,1,26.5,0,0,1,0,0,0,1,0,0,0,1
82,NJ,1,0,18.25,0,0,1,0,0,0,1,0,0,0,0
82,NJ,1,1,33.0,0,0,1,0,0,0,1,0,0,0,1
83,NJ,1,0,24.5,0,0,1,0,0,0,1,0,0,0,0
85,NJ,1,0,20.0,1,0,0,0,0,1,0,0,0,1,0
85,NJ,1,1,20.5,1,0,0,0,0,1,0,0,0,1,1
89,NJ,1,0,16.0,1,0,0,1,0,1,0,0,0,0,0
89,NJ,1,1,24.5,1,0,0,1,0,1,0,0,0,0,1
94,NJ,1,0,17.5,0,1,0,0,0,1,0,0,0,0,0
94,NJ,1,1,16.0,0,1,0,0,0,1,0,0,0,0,1
103,NJ,1,0,20.5,0,0,1,0,0,0,1,0,0,0,0
112,NJ,1,0,20.0,0,0,1,0,0,0,1,0,0,0,0
112,NJ,1,1,23.5,0,0,1,0,0,0,1,0,0,0,1
128,NJ,1,0,12.25,0,1,0,1,0,1,0,0,0,0,0
128,NJ,1,1,13.0,0,1,0,1,0,1,0,0,0,0,1
129,NJ,1,0,33.0,0,0,0,0,0,1,0,0,0,0,0
129,NJ,1,1,20.0,0,0,0,0,0,1,0,0,0,0,1
131,NJ,1,0,31.5,0,0,0,0,0,1,0,0,0,0,0
131,NJ,1,1,22.0,0,0,0,0,0,1,0,0,0,0,1
143,NJ,1,0,18.0,0,0,1,0,0,1,0,0,0,0,0
144,NJ,1,0,28.0,0,0,1,0,0,1,0,0,0,0,0
144,NJ,1,1,25.5,0,0,1,0,0,1,0,0,0,0,1
145,NJ,1,0,16.5,1,0,0,0,0,0,1,0,0,0,0
145,NJ,1,1,18.0,1,0,0,0,0,0,1,0,0,0,1
147,NJ,1,0,14.75,1,0,0,0,0,0,1,0,0,0,0
147,NJ,1,1,9.0,1,0,0,0,0,0,1,0,0,0,1
148,NJ,1,0,23.5,1,0,0,0,0,0,1,0,0,0,0
148,NJ,1,1,26.5,1,0,0,0,0,0,1,0,0,0,1
151,NJ,1,0,10.0,1,0,0,0,0,0,1,0,0,0,0
152,NJ,1,0,46.5,1,0,0,0,0,0,1,0,0,0,0
152,NJ,1,1,23.75,1,0,0,0,0,0,1,0,0,0,1
157,NJ,1,0,15.5,0,1,0,0,0,0,1,0,0,0,0
157,NJ,1,1,18.0,0,1,0,0,0,0,1,0,0,0,1
161,NJ,1,0,24.5,0,0,0,1,0,0,1,0,0,0,0
161,NJ,1,1,36.0,0,0,0,1,0,0,1,0,0,0,1
163,NJ,1,0,24.0,0,0,0,1,0,0,1,0,0,0,0
163,NJ,1,1,21.0,0,0,0,1,0,0,1,0,0,0,1
164,NJ,1,0,23.0,0,0,0,1,0,0,1,0,0,0,0
164,NJ,1,1,15.5,0,0,0,1,0,0,1,0,0,0,1
165,NJ,1,0,28.0,0,0,1,0,0,0,1,0,0,0,0
165,NJ,1,1,22.5,0,0,1,0,0,0,1,0,0,0,1
169,NJ,1,0,32.5,1,0,0,1,0,0,1,0,0,0,0
169,NJ,1,1,27.0,1,0,0,1,0,0,1,0,0,0,1
170,NJ,1,0,23.0,1,0,0,1,0,0,1,0,0,0,0
170,NJ,1,1,34.0,1,0,0,1,0,0,1,0,0,0,1
187,NJ,1,0,17.0,0,0,0,0,0,0,1,0,0,1,0
187,NJ,1,1,16.75,0,0,0,0,0,0,1,0,0,1,1
190,NJ,1,0,30.0,0,0,0,1,0,0,1,0,0,0,0
190,NJ,1,1,26.0,0,0,0,1,0,0,1,0,0,0,1
196,NJ,1,0,21.5,0,0,1,1,0,0,1,0,0,0,0
196,NJ,1,1,18.0,0,0,1,1,0,0,1,0,0,0,1
197,NJ,1,0,32.0,1,0,0,0,0,0,1,0,0,0,0
197,NJ,1,1,20.5,1,0,0,0,0,0,1,0,0,0,1
234,NJ,1,0,8.0,1,0,0,0,0,0,1,0,0,0,0
234,NJ,1,1,15.0,1,0,0,0,0,0,1,0,0,0,1
240,NJ,1,0,35.5,0,0,0,1,0,0,1,0,0,0,0
240,NJ,1,1,25.5,0,0,0,1,0,0,1,0,0,0,1
241,NJ,1,0,31.5,0,0,0,0,0,0,1,0,0,0,0
241,NJ,1,1,19.0,0,0,0,0,0,0,1,0,0,0,1
242,NJ,1,0,33.0,0,0,0,1,0,0,1,0,0,0,0
242,NJ,1,1,20.0,0,0,0,1,0,0,1,0,0,0,1
245,NJ,1,0,22.0,0,0,0,0,0,0,1,0,0,0,0
245,NJ,1,1,18.0,0,0,0,0,0,0,1,0,0,0,1
259,NJ,1,0,23.0,1,0,0,0,1,0,0,0,0,0,0
259,NJ,1,1,26.5,1,0,0,0,1,0,0,0,0,0,1
268,NJ,1,0,23.0,1,0,0,1,1,0,0,0,0,0,0
268,NJ,1,1,23.25,1,0,0,1,1,0,0,0,0,0,1
271,NJ,1,0,8.5,0,1,0,1,1,0,0,0,0,0,0
271,NJ,1,1,10.5,0,1,0,1,1,0,0,0,0,0,1
272,NJ,1,0,12.5,0,1,0,1,1,0,0,0,0,0,0
272,NJ,1,1,12.0,0,1,0,1,1,0,0,0,0,0,1
274,NJ,1,0,9.5,0,1,0,1,1,0,0,0,0,0,0
274,NJ,1,1,9.5,0,1,0,1,1,0,0,0,0,0,1
276,NJ,1,0,13.0,0,1,0,1,1,0,0,0,0,0,0
276,NJ,1,1,15.5,0,1,0,1,1,0,0,0,0,0,1
296,NJ,1,0,17.0,1,0,0,1,0,0,1,0,0,0,0
296,NJ,1,1,14.5,1,0,0,1,0,0,1,0,0,0,1
299,NJ,1,0,9.0,0,1,0,1,0,0,1,0,0,0,0
299,NJ,1,1,14.0,0,1,0,1,0,0,1,0,0,0,1
301,NJ,1,0,19.0,0,1,0,1,0,0,1,0,0,0,0
301,NJ,1,1,6.5,0,1,0,1,0,0,1,0,0,0,1
320,NJ,1,0,11.5,0,1,0,0,1,0,0,0,0,1,0
320,NJ,1,1,10.0,0,1,0,0,1,0,0,0,0,1,1
321,NJ,1,0,13.0,0,1,0,0,1,0,0,0,0,1,0
321,NJ,1,1,11.5,0,1,0,0,1,0,0,0,0,1,1
324,NJ,1,0,48.0,0,0,0,0,1,0,0,0,0,0,0
324,NJ,1,1,46.5,0,0,0,0,1,0,0,0,0,0,1
326,NJ,1,0,45.5,0,0,0,1,1,0,0,0,0,1,0
326,NJ,1,1,26.5,0,0,0,1,1,0,0,0,0,1,1
330,NJ,1,0,15.0,0,0,1,0,1,0,0,0,0,1,0
330,NJ,1,1,16.0,0,0,1,0,1,0,0,0,0,1,1
334,NJ,1,0,18.0,1,0,0,0,1,0,0,0,0,0,0
334,NJ,1,1,13.0,1,0,0,0,1,0,0,0,0,0,1
349,NJ,1,0,21.0,0,0,0,1,1,0,0,0,0,0,0
349,NJ,1,1,14.0,0,0,0,1,1,0,0,0,0,0,1
354,NJ,1,0,20.5,0,0,1,0,1,0,0,0,0,0,0
354,NJ,1,1,15.5,0,0,1,0,1,0,0,0,0,0,1
356,NJ,1,0,20.5,0,0,1,0,1,0,0,0,0,0,0
356,NJ,1,1,18.0,0,0,1,0,1,0,0,0,0,0,1
357,NJ,1,0,17.5,0,0,1,0,0,0,1,0,0,0,0
357,NJ,1,1,27.0,0,0,1,0,0,0,1,0,0,0,1
371,NJ,1,0,27.5,1,0,0,0,0,0,1,0,0,0,0
371,NJ,1,1,27.0,1,0,0,0,0,0,1,0,0,0,1
373,NJ,1,0,24.0,1,0,0,1,0,0,1,0,0,0,0
373,NJ,1,1,29.5,1,0,0,1,0,0,1,0,0,0,1
375,NJ,1,0,34.0,1,0,0,0,0,0,1,0,0,0,0
375,NJ,1,1,16.5,1,0,0,0,0,0,1,0,0,0,1
378,NJ,1,0,18.0,1,0,0,1,0,0,1,0,0,0,0
378,NJ,1,1,31.5,1,0,0,1,0,0,1,0,0,0,1
381,NJ,1,0,24.0,1,0,0,0,0,0,1,0,0,0,0
381,NJ,1,1,27.5,1,0,0,0,0,0,1,0,0,0,1
403,NJ,1,0,28.5,0,0,0,1,0,0,1,0,0,0,0
403,NJ,1,1,25.5,0,0,0,1,0,0,1,0,0,0,1
406,NJ,1,0,33.5,0,0,1,1,0,0,1,0,0,0,0
406,NJ,1,1,32.0,0,0,1,1,0,0,1,0,0,0,1
407,NJ,1,0,12.0,0,0,1,1,0,0,1,0,0,0,0
407,NJ,1,1,14.5,0,0,1,1,0,0,1,0,0,0,1
409,NJ,1,0,35.0,1,0,0,0,0,0,1,0,0,0,0
409,NJ,1,1,10.5,1,0,0,0,0,0,1,0,0,0,1
1,NJ,1,0,35.0,1,0,0,0,0,1,0,0,0,0,0
1,NJ,1,1,44.0,1,0,0,0,0,1,0,0,0,0,1
2,NJ,1,0,16.0,1,0,0,0,0,1,0,0,0,0,0
2,NJ,1,1,15.5,1,0,0,0,0,1,0,0,0,0,1
3,NJ,1,0,15.5,0,1,0,0,0,1,0,0,0,0,0
3,NJ,1,1,10.5,0,1,0,0,0,1,0,0,0,0,1
4,NJ,1,0,19.0,0,0,0,0,0,1,0,0,0,0,0
4,NJ,1,1,24.0,0,0,0,0,0,1,0,0,0,0,1
5,NJ,1,0,24.0,0,0,0,0,0,1,0,0,0,0,0
5,NJ,1,1,29.0,0,0,0,0,0,1,0,0,0,0,1
9,NJ,1,0,36.0,1,0,0,0,0,1,0,0,0,0,0
9,NJ,1,1,20.0,1,0,0,0,0,1,0,0,0,0,1
10,NJ,1,0,29.0,1,0,0,0,0,1,0,0,0,0,0
10,NJ,1,1,26.5,1,0,0,0,0,1,0,0,0,0,1
11,NJ,1,0,29.0,1,0,0,0,0,1,0,0,0,0,0
11,NJ,1,1,27.0,1,0,0,0,0,1,0,0,0,0,1
12,NJ,1,0,21.25,1,0,0,0,0,1,0,0,0,0,0
12,NJ,1,1,26.5,1,0,0,0,0,1,0,0,0,0,1
13,NJ,1,0,15.5,0,1,0,0,0,1,0,0,0,0,0
13,NJ,1,1,10.5,0,1,0,0,0,1,0,0,0,0,1
15,NJ,1,0,19.5,0,0,0,0,0,1,0,0,0,0,0
15,NJ,1,1,18.0,0,0,0,0,0,1,0,0,0,0,1
16,NJ,1,0,21.0,0,0,0,0,0,1,0,0,0,0,0
16,NJ,1,1,18.5,0,0,0,0,0,1,0,0,0,0,1
17,NJ,1,0,14.0,0,0,0,0,0,1,0,0,0,0,0
17,NJ,1,1,25.5,0,0,0,0,0,1,0,0,0,0,1
18,NJ,1,0,30.5,0,0,0,0,0,1,0,0,0,0,0
18,NJ,1,1,32.0,0,0,0,0,0,1,0,0,0,0,1
19,NJ,1,0,23.5,1,0,0,0,1,0,0,0,0,0,0
19,NJ,1,1,33.0,1,0,0,0,1,0,0,0,0,0,1
21,NJ,1,0,14.0,0,1,0,0,1,0,0,0,0,0,0
21,NJ,1,1,7.5,0,1,0,0,1,0,0,0,0,0,1
22,NJ,1,0,14.5,0,0,0,0,1,0,0,0,0,0,0
22,NJ,1,1,12.5,0,0,0,0,1,0,0,0,0,0,1
23,NJ,1,0,15.5,1,0,0,0,0,0,1,0,0,0,0
23,NJ,1,1,24.0,1,0,0,0,0,0,1,0,0,0,1
24,NJ,1,0,26.5,1,0,0,0,0,1,0,0,0,0,0
24,NJ,1,1,29.0,1,0,0,0,0,1,0,0,0,0,1
28,NJ,1,0,8.0,0,1,0,0,0,0,1,0,0,0,0
28,NJ,1,1,10.0,0,1,0,0,0,0,1,0,0,0,1
29,NJ,1,0,5.5,0,1,0,0,0,0,1,0,0,0,0
29,NJ,1,1,9.5,0,1,0,0,0,0,1,0,0,0,1
32,NJ,1,0,23.25,0,0,0,0,0,0,1,0,0,0,0
32,NJ,1,1,17.5,0,0,0,0,0,0,1,0,0,0,1
34,NJ,1,0,15.5,0,0,0,1,0,0,1,0,0,0,0
34,NJ,1,1,17.5,0,0,0,1,0,0,1,0,0,0,1
35,NJ,1,0,32.25,0,0,1,0,0,0,1,0,0,0,0
35,NJ,1,1,25.0,0,0,1,0,0,0,1,0,0,0,1
38,NJ,1,0,30.0,1,0,0,0,0,1,0,0,0,0,0
38,NJ,1,1,26.0,1,0,0,0,0,1,0,0,0,0,1
63,NJ,1,0,29.0,1,0,0,1,0,0,1,0,0,0,0
63,NJ,1,1,24.0,1,0,0,1,0,0,1,0,0,0,1
64,NJ,1,0,30.5,1,0,0,0,0,0,1,0,0,0,0
64,NJ,1,1,22.5,1,0,0,0,0,0,1,0,0,0,1
65,NJ,1,0,14.0,1,0,0,0,0,0,1,0,0,0,0
66,NJ,1,0,27.0,1,0,0,0,0,0,1,0,0,0,0
66,NJ,1,1,35.0,1,0,0,0,0,0,1,0,0,0,1
67,NJ,1,0,18.5,1,0,0,0,0,0,1,0,0,0,0
67,NJ,1,1,17.75,1,0,0,0,0,0,1,0,0,0,1
68,NJ,1,0,38.0,1,0,0,0,0,0,1,0,0,0,0
68,NJ,1,1,24.5,1,0,0,0,0,0,1,0,0,0,1
69,NJ,1,0,16.5,1,0,0,0,0,0,1,0,0,0,0
69,NJ,1,1,16.5,1,0,0,0,0,0,1,0,0,0,1
70,NJ,1,0,50.0,1,0,0,0,0,0,1,0,0,0,0
70,NJ,1,1,30.0,1,0,0,0,0,0,1,0,0,0,1
71,NJ,1,0,20.5,1,0,0,0,0,0,1,0,0,0,0
71,NJ,1,1,39.0,1,0,0,0,0,0,1,0,0,0,1
73,NJ,1,0,6.5,0,1,0,0,0,0,1,0,0,0,0
73,NJ,1,1,17.0,0,1,0,0,0,0,1,0,0,0,1
75,NJ,1,0,13.5,0,1,0,0,0,0,1,0,0,0,0
75,NJ,1,1,12.5,0,1,0,0,0,0,1,0,0,0,1
76,NJ,1,0,28.0,0,0,0,1,0,0,1,0,0,0,0
76,NJ,1,1,38.5,0,0,0,1,0,0,1,0,0,0,1
79,NJ,1,0,21.5,0,0,0,1,0,0,1,0,0,0,0
79,NJ,1,1,20.0,0,0,0,1,0,0,1,0,0,0,1
80,NJ,1,0,14.5,0,0,1,0,0,0,1,0,0,0,0
80,NJ,1,1,21.0,0,0,1,0,0,0,1,0,0,0,1
84,NJ,1,0,24.0,1,0,0,0,0,1,0,0,0,0,0
84,NJ,1,1,32.0,1,0,0,0,0,1,0,0,0,0,1
86,NJ,1,0,20.5,1,0,0,0,0,1,0,0,0,0,0
86,NJ,1,1,19.0,1,0,0,0,0,1,0,0,0,0,1
87,NJ,1,0,7.5,1,0,0,0,0,1,0,0,0,1,0
87,NJ,1,1,20.0,1,0,0,0,0,1,0,0,0,1,1
88,NJ,1,0,23.5,1,0,0,0,1,0,0,0,0,0,0
88,NJ,1,1,26.5,1,0,0,0,1,0,0,0,0,0,1
91,NJ,1,0,23.0,1,0,0,1,0,1,0,0,0,1,0
91,NJ,1,1,19.0,1,0,0,1,0,1,0,0,0,1,1
92,NJ,1,0,17.0,1,0,0,1,0,1,0,0,0,1,0
92,NJ,1,1,20.0,1,0,0,1,0,1,0,0,0,1,1
93,NJ,1,0,20.5,1,0,0,1,0,0,1,0,0,0,0
93,NJ,1,1,22.5,1,0,0,1,0,0,1,0,0,0,1
95,NJ,1,0,23.5,0,1,0,0,0,1,0,0,0,0,0
95,NJ,1,1,10.0,0,1,0,0,0,1,0,0,0,0,1
96,NJ,1,0,9.5,0,1,0,0,0,0,1,0,0,0,0
96,NJ,1,1,12.5,0,1,0,0,0,0,1,0,0,0,1
97,NJ,1,0,10.0,0,1,0,0,0,1,0,0,0,0,0
97,NJ,1,1,11.0,0,1,0,0,0,1,0,0,0,0,1
98,NJ,1,0,14.0,0,1,0,0,0,1,0,0,0,1,0
98,NJ,1,1,12.5,0,1,0,0,0,1,0,0,0,1,1
99,NJ,1,0,85.0,0,0,0,1,0,1,0,0,0,1,0
99,NJ,1,1,59.0,0,0,0,1,0,1,0,0,0,1,1
101,NJ,1,0,15.0,0,0,0,0,0,1,0,0,0,1,0
101,NJ,1,1,19.0,0,0,0,0,0,1,0,0,0,1,1
102,NJ,1,0,21.5,0,0,0,0,1,0,0,0,0,0,0
102,NJ,1,1,15.5,0,0,0,0,1,0,0,0,0,0,1
104,NJ,1,0,53.0,0,0,1,0,0,1,0,0,0,1,0
104,NJ,1,1,19.0,0,0,1,0,0,1,0,0,0,1,1
105,NJ,1,0,24.0,1,0,0,0,0,0,1,0,0,0,0
105,NJ,1,1,26.5,1,0,0,0,0,0,1,0,0,0,1
106,NJ,1,0,20.5,1,0,0,0,0,0,1,0,0,0,0
106,NJ,1,1,17.5,1,0,0,0,0,0,1,0,0,0,1
107,NJ,1,0,14.5,1,0,0,1,0,0,1,0,0,0,0
107,NJ,1,1,20.5,1,0,0,1,0,0,1,0,0,0,1
108,NJ,1,0,25.0,1,0,0,0,0,0,1,0,0,0,0
108,NJ,1,1,28.0,1,0,0,0,0,0,1,0,0,0,1
111,NJ,1,0,27.0,0,0,0,0,0,0,1,0,0,0,0
111,NJ,1,1,30.25,0,0,0,0,0,0,1,0,0,0,1
114,NJ,1,0,22.5,1,0,0,0,0,1,0,0,0,0,0
114,NJ,1,1,44.0,1,0,0,0,0,1,0,0,0,0,1
115,NJ,1,0,36.5,1,0,0,0,0,1,0,0,0,0,0
115,NJ,1,1,17.5,1,0,0,0,0,1,0,0,0,0,1
116,NJ,1,0,17.25,1,0,0,0,0,1,0,0,0,0,0
116,NJ,1,1,31.0,1,0,0,0,0,1,0,0,0,0,1
118,NJ,1,0,21.5,1,0,0,0,0,0,1,0,0,0,0
118,NJ,1,1,31.0,1,0,0,0,0,0,1,0,0,0,1
119,NJ,1,0,24.5,1,0,0,0,0,0,1,0,0,0,0
119,NJ,1,1,28.5,1,0,0,0,0,0,1,0,0,0,1
120,NJ,1,0,19.0,1,0,0,1,0,1,0,0,0,0,0
120,NJ,1,1,19.0,1,0,0,1,0,1,0,0,0,0,1
122,NJ,1,0,25.0,1,0,0,0,0,0,1,0,0,0,0
122,NJ,1,1,41.0,1,0,0,0,0,0,1,0,0,0,1
124,NJ,1,0,16.0,1,0,0,0,0,1,0,0,0,0,0
124,NJ,1,1,28.0,1,0,0,0,0,1,0,0,0,0,1
125,NJ,1,0,19.0,0,1,0,0,0,1,0,0,0,0,0
125,NJ,1,1,9.5,0,1,0,0,0,1,0,0,0,0,1
130,NJ,1,0,22.75,0,0,0,1,0,1,0,0,0,0,0
130,NJ,1,1,25.0,0,0,0,1,0,1,0,0,0,0,1
132,NJ,1,0,35.0,0,0,0,1,0,1,0,0,0,0,0
132,NJ,1,1,28.0,0,0,0,1,0,1,0,0,0,0,1
133,NJ,1,0,16.0,0,0,0,1,0,1,0,0,0,0,0
133,NJ,1,1,16.0,0,0,0,1,0,1,0,0,0,0,1
134,NJ,1,0,21.0,0,0,0,0,0,1,0,0,0,0,0
134,NJ,1,1,22.75,0,0,0,0,0,1,0,0,0,0,1
136,NJ,1,0,26.75,0,0,0,1,0,1,0,0,0,0,0
137,NJ,1,0,30.5,0,0,0,1,0,0,1,0,0,0,0
137,NJ,1,1,32.0,0,0,0,1,0,0,1,0,0,0,1
140,NJ,1,0,23.0,0,0,1,0,0,1,0,0,0,0,0
140,NJ,1,1,27.5,0,0,1,0,0,1,0,0,0,0,1
141,NJ,1,0,21.5,0,0,1,0,0,1,0,0,0,0,0
141,NJ,1,1,25.5,0,0,1,0,0,1,0,0,0,0,1
142,NJ,1,0,36.5,0,0,1,0,0,0,1,0,0,0,0
142,NJ,1,1,60.5,0,0,1,0,0,0,1,0,0,0,1
146,NJ,1,0,23.0,1,0,0,0,0,0,1,0,0,0,0
146,NJ,1,1,20.5,1,0,0,0,0,0,1,0,0,0,1
149,NJ,1,0,14.0,1,0,0,0,0,0,1,0,0,0,0
149,NJ,1,1,16.0,1,0,0,0,0,0,1,0,0,0,1
150,NJ,1,0,17.25,1,0,0,0,0,0,1,0,0,0,0
150,NJ,1,1,25.0,1,0,0,0,0,0,1,0,0,0,1
156,NJ,1,0,18.5,1,0,0,0,0,0,1,0,0,0,0
156,NJ,1,1,13.0,1,0,0,0,0,0,1,0,0,0,1
158,NJ,1,0,8.5,0,1,0,0,0,0,1,0,0,0,0
158,NJ,1,1,9.0,0,1,0,0,0,0,1,0,0,0,1
159,NJ,1,0,14.0,0,1,0,0,0,0,1,0,0,0,0
159,NJ,1,1,16.5,0,1,0,0,0,0,1,0,0,0,1
162,NJ,1,0,23.0,0,0,0,1,0,0,1,0,0,0,0
162,NJ,1,1,21.0,0,0,0,1,0,0,1,0,0,0,1
166,NJ,1,0,29.0,0,0,1,0,0,0,1,0,0,0,0
166,NJ,1,1,21.5,0,0,1,0,0,0,1,0,0,0,1
168,NJ,1,0,19.0,1,0,0,0,0,0,1,0,0,0,0
168,NJ,1,1,20.0,1,0,0,0,0,0,1,0,0,0,1
171,NJ,1,0,21.0,1,0,0,1,0,0,1,0,0,1,0
171,NJ,1,1,21.25,1,0,0,1,0,0,1,0,0,1,1
172,NJ,1,0,17.0,1,0,0,0,0,0,1,0,0,0,0
172,NJ,1,1,21.5,1,0,0,0,0,0,1,0,0,0,1
173,NJ,1,0,36.0,1,0,0,0,0,0,1,0,0,0,0
173,NJ,1,1,31.0,1,0,0,0,0,0,1,0,0,0,1
174,NJ,1,0,25.0,1,0,0,0,0,0,1,0,0,1,0
174,NJ,1,1,33.0,1,0,0,0,0,0,1,0,0,1,1
176,NJ,1,0,29.5,1,0,0,0,0,0,1,0,0,0,0
176,NJ,1,1,37.75,1,0,0,0,0,0,1,0,0,0,1
178,NJ,1,0,22.0,0,1,0,1,0,0,1,0,0,1,0
178,NJ,1,1,9.0,0,1,0,1,0,0,1,0,0,1,1
179,NJ,1,0,11.0,0,1,0,0,0,0,1,0,0,0,0
179,NJ,1,1,11.0,0,1,0,0,0,0,1,0,0,0,1
180,NJ,1,0,13.5,0,1,0,0,0,0,1,0,0,1,0
180,NJ,1,1,12.75,0,1,0,0,0,0,1,0,0,1,1
182,NJ,1,0,13.5,0,1,0,0,1,0,0,0,0,1,0
182,NJ,1,1,10.5,0,1,0,0,1,0,0,0,0,1,1
183,NJ,1,0,18.0,0,1,0,0,0,0,1,0,0,0,0
183,NJ,1,1,22.0,0,1,0,0,0,0,1,0,0,0,1
185,NJ,1,0,9.5,0,1,0,0,0,1,0,0,0,1,0
185,NJ,1,1,8.0,0,1,0,0,0,1,0,0,0,1,1
186,NJ,1,0,24.0,0,0,0,0,0,0,1,0,0,0,0
186,NJ,1,1,25.0,0,0,0,0,0,0,1,0,0,0,1
189,NJ,1,0,14.5,0,0,0,0,0,0,1,0,0,0,0
189,NJ,1,1,12.5,0,0,0,0,0,0,1,0,0,0,1
192,NJ,1,0,29.0,0,0,1,0,0,0,1,0,0,0,0
192,NJ,1,1,22.5,0,0,1,0,0,0,1,0,0,0,1
193,NJ,1,0,10.5,0,0,1,0,0,0,1,0,0,1,0
193,NJ,1,1,11.5,0,0,1,0,0,0,1,0,0,1,1
195,NJ,1,0,18.0,0,0,1,0,0,0,1,0,0,1,0
195,NJ,1,1,23.5,0,0,1,0,0,0,1,0,0,1,1
199,NJ,1,0,9.0,0,1,0,0,0,0,1,0,0,0,0
199,NJ,1,1,16.5,0,1,0,0,0,0,1,0,0,0,1
200,NJ,1,0,33.0,1,0,0,0,0,0,1,0,0,0,0
200,NJ,1,1,29.0,1,0,0,0,0,0,1,0,0,0,1
201,NJ,1,0,19.5,1,0,0,0,0,0,1,0,0,0,0
201,NJ,1,1,30.0,1,0,0,0,0,0,1,0,0,0,1
202,NJ,1,0,41.0,1,0,0,0,0,0,1,0,0,0,0
202,NJ,1,1,22.5,1,0,0,0,0,0,1,0,0,0,1
203,NJ,1,0,17.0,1,0,0,0,0,0,1,0,0,0,0
203,NJ,1,1,24.0,1,0,0,0,0,0,1,0,0,0,1
204,NJ,1,0,18.25,1,0,0,0,0,0,1,0,0,0,0
204,NJ,1,1,21.75,1,0,0,0,0,0,1,0,0,0,1
207,NJ,1,0,17.0,0,1,0,1,0,0,1,0,0,0,0
207,NJ,1,1,13.5,0,1,0,1,0,0,1,0,0,0,1
208,NJ,1,0,32.0,0,0,0,1,0,0,1,0,0,0,0
208,NJ,1,1,24.0,0,0,0,1,0,0,1,0,0,0,1
209,NJ,1,0,26.0,0,0,0,1,0,0,1,0,0,0,0
209,NJ,1,1,28.5,0,0,0,1,0,0,1,0,0,0,1
210,NJ,1,0,11.5,0,0,1,1,0,0,1,0,0,0,0
210,NJ,1,1,10.0,0,0,1,1,0,0,1,0,0,0,1
211,NJ,1,0,21.0,1,0,0,0,1,0,0,0,0,0,0
211,NJ,1,1,23.5,1,0,0,0,1,0,0,0,0,0,1
212,NJ,1,0,22.75,1,0,0,0,1,0,0,0,0,0,0
212,NJ,1,1,30.5,1,0,0,0,1,0,0,0,0,0,1
213,NJ,1,0,18.5,1,0,0,1,1,0,0,0,0,0,0
213,NJ,1,1,24.75,1,0,0,1,1,0,0,0,0,0,1
214,NJ,1,0,20.0,1,0,0,0,1,0,0,0,0,0,0
214,NJ,1,1,22.5,1,0,0,0,1,0,0,0,0,0,1
215,NJ,1,0,18.0,1,0,0,0,1,0,0,0,0,0,0
215,NJ,1,1,28.0,1,0,0,0,1,0,0,0,0,0,1
216,NJ,1,0,10.5,0,1,0,0,1,0,0,0,0,0,0
216,NJ,1,1,14.0,0,1,0,0,1,0,0,0,0,0,1
217,NJ,1,0,10.5,0,1,0,1,1,0,0,0,0,0,0
217,NJ,1,1,9.0,0,1,0,1,1,0,0,0,0,0,1
218,NJ,1,0,11.0,0,1,0,1,1,0,0,0,0,0,0
218,NJ,1,1,9.5,0,1,0,1,1,0,0,0,0,0,1
219,NJ,1,0,10.5,0,1,0,1,1,0,0,0,0,0,0
219,NJ,1,1,15.5,0,1,0,1,1,0,0,0,0,0,1
220,NJ,1,0,12.5,0,1,0,0,1,0,0,0,0,0,0
220,NJ,1,1,12.0,0,1,0,0,1,0,0,0,0,0,1
221,NJ,1,0,18.0,0,1,0,0,1,0,0,0,0,0,0
221,NJ,1,1,11.5,0,1,0,0,1,0,0,0,0,0,1
222,NJ,1,0,17.0,0,0,0,1,1,0,0,0,0,0,0
222,NJ,1,1,12.5,0,0,0,1,1,0,0,0,0,0,1
223,NJ,1,0,15.0,0,0,0,1,1,0,0,0,0,0,0
223,NJ,1,1,16.0,0,0,0,1,1,0,0,0,0,0,1
225,NJ,1,0,19.5,0,0,0,1,1,0,0,0,0,0,0
225,NJ,1,1,28.5,0,0,0,1,1,0,0,0,0,0,1
226,NJ,1,0,13.0,0,0,1,0,1,0,0,0,0,0,0
226,NJ,1,1,15.0,0,0,1,0,1,0,0,0,0,0,1
228,NJ,1,0,20.25,0,0,1,0,1,0,0,0,0,0,0
228,NJ,1,1,23.5,0,0,1,0,1,0,0,0,0,0,1
229,NJ,1,0,26.0,1,0,0,0,0,0,1,0,0,0,0
229,NJ,1,1,30.5,1,0,0,0,0,0,1,0,0,0,1
230,NJ,1,0,15.5,1,0,0,0,0,0,1,0,0,0,0
230,NJ,1,1,26.5,1,0,0,0,0,0,1,0,0,0,1
232,NJ,1,0,24.0,1,0,0,0,0,0,1,0,0,0,0
232,NJ,1,1,27.0,1,0,0,0,0,0,1,0,0,0,1
233,NJ,1,0,25.5,1,0,0,0,0,0,1,0,0,0,0
233,NJ,1,1,21.5,1,0,0,0,0,0,1,0,0,0,1
235,NJ,1,0,14.5,1,0,0,0,0,0,1,0,0,0,0
237,NJ,1,0,21.5,1,0,0,0,0,0,1,0,0,0,0
237,NJ,1,1,21.5,1,0,0,0,0,0,1,0,0,0,1
238,NJ,1,0,14.0,0,1,0,1,0,0,1,0,0,0,0
238,NJ,1,1,37.5,0,1,0,1,0,0,1,0,0,0,1
239,NJ,1,0,20.0,0,1,0,0,0,0,1,0,0,0,0
239,NJ,1,1,11.5,0,1,0,0,0,0,1,0,0,0,1
243,NJ,1,0,22.5,0,0,0,1,0,0,1,0,0,0,0
243,NJ,1,1,21.0,0,0,0,1,0,0,1,0,0,0,1
244,NJ,1,0,30.0,0,0,0,1,0,0,1,0,0,0,0
244,NJ,1,1,28.0,0,0,0,1,0,0,1,0,0,0,1
247,NJ,1,0,24.0,0,0,1,0,0,0,1,0,0,0,0
247,NJ,1,1,24.0,0,0,1,0,0,0,1,0,0,0,1
248,NJ,1,0,22.0,0,0,1,0,0,0,1,0,0,0,0
248,NJ,1,1,23.0,0,0,1,0,0,0,1,0,0,0,1
249,NJ,1,0,13.0,1,0,0,0,1,0,0,0,0,1,0
249,NJ,1,1,19.0,1,0,0,0,1,0,0,0,0,1,1
250,NJ,1,0,5.0,0,1,0,1,1,0,0,0,0,1,0
250,NJ,1,1,7.0,0,1,0,1,1,0,0,0,0,1,1
253,NJ,1,0,13.5,0,0,0,1,1,0,0,0,0,0,0
253,NJ,1,1,14.0,0,0,0,1,1,0,0,0,0,0,1
257,NJ,1,0,28.0,1,0,0,0,1,0,0,0,0,1,0
258,NJ,1,0,18.0,1,0,0,0,1,0,0,0,0,0,0
258,NJ,1,1,32.0,1,0,0,0,1,0,0,0,0,0,1
260,NJ,1,0,24.0,1,0,0,1,1,0,0,0,0,0,0
260,NJ,1,1,22.0,1,0,0,1,1,0,0,0,0,0,1
262,NJ,1,0,16.5,1,0,0,0,1,0,0,0,0,0,0
262,NJ,1,1,14.25,1,0,0,0,1,0,0,0,0,0,1
264,NJ,1,0,7.0,1,0,0,0,1,0,0,0,0,0,0
264,NJ,1,1,16.5,1,0,0,0,1,0,0,0,0,0,1
265,NJ,1,0,11.0,1,0,0,0,1,0,0,0,0,0,0
267,NJ,1,0,19.5,1,0,0,0,1,0,0,0,0,0,0
267,NJ,1,1,47.5,1,0,0,0,1,0,0,0,0,0,1
269,NJ,1,0,10.0,0,1,0,1,1,0,0,0,0,0,0
269,NJ,1,1,15.5,0,1,0,1,1,0,0,0,0,0,1
273,NJ,1,0,13.0,0,1,0,1,1,0,0,0,0,0,0
273,NJ,1,1,10.5,0,1,0,1,1,0,0,0,0,0,1
275,NJ,1,0,10.0,0,1,0,1,1,0,0,0,0,0,0
275,NJ,1,1,7.0,0,1,0,1,1,0,0,0,0,0,1
277,NJ,1,0,12.5,0,1,0,1,1,0,0,0,0,0,0
277,NJ,1,1,11.0,0,1,0,1,1,0,0,0,0,0,1
278,NJ,1,0,8.0,0,1,0,1,1,0,0,0,0,0,0
278,NJ,1,1,8.5,0,1,0,1,1,0,0,0,0,0,1
282,NJ,1,0,12.0,0,0,0,1,1,0,0,0,0,0,0
284,NJ,1,0,20.5,0,0,0,1,1,0,0,0,0,0,0
284,NJ,1,1,15.0,0,0,0,1,1,0,0,0,0,0,1
285,NJ,1,0,18.5,0,0,0,1,1,0,0,0,0,0,0
285,NJ,1,1,13.5,0,0,0,1,1,0,0,0,0,0,1
286,NJ,1,0,11.5,0,0,0,1,1,0,0,0,0,0,0
286,NJ,1,1,12.5,0,0,0,1,1,0,0,0,0,0,1
287,NJ,1,0,15.0,0,0,0,1,1,0,0,0,0,0,0
287,NJ,1,1,12.5,0,0,0,1,1,0,0,0,0,0,1
288,NJ,1,0,13.0,0,0,0,1,1,0,0,0,0,0,0
288,NJ,1,1,12.5,0,0,0,1,1,0,0,0,0,0,1
289,NJ,1,0,10.0,0,0,0,1,1,0,0,0,0,0,0
289,NJ,1,1,10.0,0,0,0,1,1,0,0,0,0,0,1
290,NJ,1,0,17.0,0,0,1,0,1,0,0,0,0,0,0
290,NJ,1,1,13.5,0,0,1,0,1,0,0,0,0,0,1
291,NJ,1,0,17.0,0,0,1,0,1,0,0,0,0,0,0
291,NJ,1,1,16.0,0,0,1,0,1,0,0,0,0,0,1
292,NJ,1,0,20.5,0,0,1,0,1,0,0,0,0,1,0
292,NJ,1,1,23.5,0,0,1,0,1,0,0,0,0,1,1
295,NJ,1,0,15.5,1,0,0,0,0,0,1,0,0,0,0
297,NJ,1,0,19.5,1,0,0,1,0,0,1,0,0,0,0
297,NJ,1,1,34.0,1,0,0,1,0,0,1,0,0,0,1
303,NJ,1,0,30.5,0,0,0,1,0,0,1,0,0,0,0
303,NJ,1,1,32.5,0,0,0,1,0,0,1,0,0,0,1
304,NJ,1,0,23.0,0,0,0,0,0,0,1,0,0,0,0
304,NJ,1,1,21.5,0,0,0,0,0,0,1,0,0,0,1
305,NJ,1,0,13.0,0,0,0,1,0,0,1,0,0,0,0
305,NJ,1,1,20.0,0,0,0,1,0,0,1,0,0,0,1
307,NJ,1,0,30.25,0,0,0,1,0,0,1,0,0,0,0
307,NJ,1,1,43.5,0,0,0,1,0,0,1,0,0,0,1
310,NJ,1,0,18.0,0,0,1,0,0,0,1,0,0,0,0
310,NJ,1,1,17.5,0,0,1,0,0,0,1,0,0,0,1
312,NJ,1,0,10.0,1,0,0,0,1,0,0,0,0,1,0
312,NJ,1,1,7.0,1,0,0,0,1,0,0,0,0,1,1
313,NJ,1,0,19.5,1,0,0,0,1,0,0,0,0,1,0
313,NJ,1,1,15.0,1,0,0,0,1,0,0,0,0,1,1
314,NJ,1,0,17.0,1,0,0,0,1,0,0,0,0,1,0
314,NJ,1,1,22.0,1,0,0,0,1,0,0,0,0,1,1
316,NJ,1,0,25.5,1,0,0,1,1,0,0,0,0,1,0
316,NJ,1,1,22.0,1,0,0,1,1,0,0,0,0,1,1
317,NJ,1,0,6.0,1,0,0,0,1,0,0,0,0,1,0
317,NJ,1,1,7.0,1,0,0,0,1,0,0,0,0,1,1
318,NJ,1,0,11.5,0,1,0,0,1,0,0,0,0,1,0
318,NJ,1,1,14.0,0,1,0,0,1,0,0,0,0,1,1
319,NJ,1,0,8.5,0,1,0,0,1,0,0,0,0,1,0
319,NJ,1,1,27.0,0,1,0,0,1,0,0,0,0,1,1
322,NJ,1,0,18.5,0,0,0,1,1,0,0,0,0,1,0
322,NJ,1,1,18.5,0,0,0,1,1,0,0,0,0,1,1
325,NJ,1,0,15.5,0,0,0,1,1,0,0,0,0,1,0
325,NJ,1,1,11.5,0,0,0,1,1,0,0,0,0,1,1
333,NJ,1,0,14.25,1,0,0,0,0,1,0,0,0,0,0
333,NJ,1,1,16.0,1,0,0,0,0,1,0,0,0,0,1
336,NJ,1,0,38.0,1,0,0,0,1,0,0,0,0,0,0
336,NJ,1,1,25.0,1,0,0,0,1,0,0,0,0,0,1
337,NJ,1,0,24.75,1,0,0,1,1,0,0,0,0,0,0
337,NJ,1,1,30.5,1,0,0,1,1,0,0,0,0,0,1
339,NJ,1,0,23.0,1,0,0,1,1,0,0,0,0,0,0
339,NJ,1,1,11.5,1,0,0,1,1,0,0,0,0,0,1
340,NJ,1,0,24.0,1,0,0,0,1,0,0,0,0,0,0
340,NJ,1,1,25.5,1,0,0,0,1,0,0,0,0,0,1
341,NJ,1,0,7.5,0,1,0,1,1,0,0,0,0,0,0
341,NJ,1,1,9.5,0,1,0,1,1,0,0,0,0,0,1
343,NJ,1,0,15.0,0,1,0,1,1,0,0,0,0,0,0
343,NJ,1,1,11.5,0,1,0,1,1,0,0,0,0,0,1
346,NJ,1,0,9.25,0,1,0,1,1,0,0,0,0,0,0
346,NJ,1,1,12.0,0,1,0,1,1,0,0,0,0,0,1
348,NJ,1,0,11.25,0,0,0,1,0,1,0,0,0,0,0
350,NJ,1,0,16.5,0,0,0,1,1,0,0,0,0,0,0
350,NJ,1,1,17.0,0,0,0,1,1,0,0,0,0,0,1
351,NJ,1,0,18.75,0,0,0,1,1,0,0,0,0,0,0
351,NJ,1,1,24.0,0,0,0,1,1,0,0,0,0,0,1
352,NJ,1,0,13.5,0,0,0,1,0,0,1,0,0,0,0
353,NJ,1,0,21.75,0,0,0,1,1,0,0,0,0,0,0
355,NJ,1,0,13.5,0,0,1,0,0,1,0,0,0,0,0
355,NJ,1,1,13.5,0,0,1,0,0,1,0,0,0,0,1
359,NJ,1,0,15.0,1,0,0,1,1,0,0,0,0,0,0
359,NJ,1,1,17.0,1,0,0,1,1,0,0,0,0,0,1
360,NJ,1,0,17.5,1,0,0,0,1,0,0,0,0,0,0
360,NJ,1,1,28.0,1,0,0,0,1,0,0,0,0,0,1
361,NJ,1,0,17.5,1,0,0,0,1,0,0,0,0,0,0
361,NJ,1,1,21.5,1,0,0,0,1,0,0,0,0,0,1
362,NJ,1,0,12.5,0,1,0,0,1,0,0,0,0,0,0
362,NJ,1,1,30.0,0,1,0,0,1,0,0,0,0,0,1
363,NJ,1,0,15.5,0,1,0,0,1,0,0,0,0,0,0
363,NJ,1,1,19.5,0,1,0,0,1,0,0,0,0,0,1
364,NJ,1,0,16.5,0,1,0,0,1,0,0,0,0,0,0
364,NJ,1,1,20.0,0,1,0,0,1,0,0,0,0,0,1
366,NJ,1,0,13.5,0,0,0,0,1,0,0,0,0,0,0
366,NJ,1,1,14.5,0,0,0,0,1,0,0,0,0,0,1
368,NJ,1,0,13.0,0,0,1,0,1,0,0,0,0,0,0
368,NJ,1,1,14.5,0,0,1,0,1,0,0,0,0,0,1
369,NJ,1,0,11.5,1,0,0,1,0,0,1,0,0,0,0
370,NJ,1,0,29.05,1,0,0,0,0,0,1,0,0,0,0
370,NJ,1,1,31.5,1,0,0,0,0,0,1,0,0,0,1
376,NJ,1,0,13.0,1,0,0,0,0,0,1,0,0,0,0
376,NJ,1,1,11.5,1,0,0,0,0,0,1,0,0,0,1
377,NJ,1,0,18.0,1,0,0,0,0,0,1,0,0,0,0
377,NJ,1,1,20.0,1,0,0,0,0,0,1,0,0,0,1
379,NJ,1,0,30.0,1,0,0,0,0,0,1,0,0,0,0
379,NJ,1,1,34.0,1,0,0,0,0,0,1,0,0,0,1
380,NJ,1,0,20.5,1,0,0,0,0,0,1,0,0,0,0
380,NJ,1,1,25.0,1,0,0,0,0,0,1,0,0,0,1
383,NJ,1,0,10.0,1,0,0,0,0,0,1,0,0,0,0
383,NJ,1,1,10.0,1,0,0,0,0,0,1,0,0,0,1
385,NJ,1,0,26.0,1,0,0,0,0,0,1,0,0,0,0
385,NJ,1,1,25.0,1,0,0,0,0,0,1,0,0,0,1
386,NJ,1,0,12.5,1,0,0,0,0,0,1,0,0,0,0
386,NJ,1,1,23.0,1,0,0,0,0,0,1,0,0,0,1
391,NJ,1,0,19.5,0,1,0,0,0,0,1,0,0,0,0
391,NJ,1,1,17.5,0,1,0,0,0,0,1,0,0,0,1
393,NJ,1,0,12.0,0,1,0,1,0,0,1,0,0,0,0
393,NJ,1,1,23.0,0,1,0,1,0,0,1,0,0,0,1
396,NJ,1,0,36.0,0,0,0,1,0,0,1,0,0,0,0
396,NJ,1,1,26.0,0,0,0,1,0,0,1,0,0,0,1
397,NJ,1,0,21.0,0,0,0,1,0,0,1,0,0,0,0
397,NJ,1,1,16.5,0,0,0,1,0,0,1,0,0,0,1
398,NJ,1,0,24.5,0,0,0,1,0,0,1,0,0,0,0
398,NJ,1,1,35.5,0,0,0,1,0,0,1,0,0,0,1
399,NJ,1,0,20.0,0,0,0,1,0,0,1,0,0,0,0
399,NJ,1,1,31.0,0,0,0,1,0,0,1,0,0,0,1
400,NJ,1,0,26.5,0,0,0,1,0,0,1,0,0,0,0
400,NJ,1,1,23.0,0,0,0,1,0,0,1,0,0,0,1
401,NJ,1,0,15.0,0,0,0,0,0,0,1,0,0,0,0
401,NJ,1,1,22.5,0,0,0,0,0,0,1,0,0,0,1
402,NJ,1,0,19.0,0,0,0,1,0,0,1,0,0,0,0
402,NJ,1,1,21.5,0,0,0,1,0,0,1,0,0,0,1
405,NJ,1,0,17.5,0,0,0,1,0,0,1,0,0,0,0
405,NJ,1,1,12.0,0,0,0,1,0,0,1,0,0,0,1
410,NJ,1,0,20.5,1,0,0,0,0,0,1,0,0,0,0
410,NJ,1,1,20.5,1,0,0,0,0,0,1,0,0,0,1
411,NJ,1,0,21.0,1,0,0,0,0,0,1,0,0,0,0
411,NJ,1,1,25.0,1,0,0,0,0,0,1,0,0,0,1
412,NJ,1,0,10.5,0,1,0,0,0,1,0,0,0,0,0
412,NJ,1,1,8.5,0,1,0,0,0,1,0,0,0,0,1
413,NJ,1,0,23.0,1,0,0,0,0,0,1,0,0,0,0
413,NJ,1,1,13.0,1,0,0,0,0,0,1,0,0,0,1
414,NJ,1,0,23.0,1,0,0,0,0,0,1,0,0,0,0
414,NJ,1,1,21.5,1,0,0,0,0,0,1,0,0,0,1
415,NJ,1,0,29.0,1,0,0,0,0,0,1,0,0,0,0
415,NJ,1,1,23.0,1,0,0,0,0,0,1,0,0,0,1
417,NJ,1,0,21.0,1,0,0,1,0,0,1,0,0,0,0
417,NJ,1,1,25.5,1,0,0,1,0,0,1,0,0,0,1
418,NJ,1,0,41.5,1,0,0,0,0,0,1,0,0,0,0
418,NJ,1,1,21.5,1,0,0,0,0,0,1,0,0,0,1
419,NJ,1,0,12.0,0,1,0,1,0,0,1,0,0,0,0
419,NJ,1,1,9.5,0,1,0,1,0,0,1,0,0,0,1
421,NJ,1,0,33.0,0,1,0,1,0,0,1,0,0,0,0
421,NJ,1,1,36.5,0,1,0,1,0,0,1,0,0,0,1
422,NJ,1,0,6.5,0,1,0,0,0,0,1,0,0,0,0
422,NJ,1,1,16.0,0,1,0,0,0,0,1,0,0,0,1
423,NJ,1,0,9.0,0,1,0,1,0,0,1,0,0,0,0
423,NJ,1,1,23.75,0,1,0,1,0,0,1,0,0,0,1
424,NJ,1,0,9.75,0,1,0,1,0,0,1,0,0,0,0
424,NJ,1,1,17.5,0,1,0,1,0,0,1,0,0,0,1
426,NJ,1,0,24.5,0,0,0,1,0,0,1,0,0,0,0
426,NJ,1,1,20.5,0,0,0,1,0,0,1,0,0,0,1
427,NJ,1,0,14.0,0,0,1,0,0,0,1,0,0,0,0
427,NJ,1,1,20.5,0,0,1,0,0,0,1,0,0,0,1
428,NJ,1,0,19.5,0,0,1,0,0,0,1,0,0,0,0
428,NJ,1,1,25.0,0,0,1,0,0,0,1,0,0,0,1
